epoch,time,train/box_loss,train/cls_loss,train/dfl_loss,metrics/precision(B),metrics/recall(B),metrics/mAP50(B),metrics/mAP50-95(B),val/box_loss,val/cls_loss,val/dfl_loss,lr/pg0,lr/pg1,lr/pg2
1,1941.27,0.87805,5.14891,1.41125,0,0,0,0,0.5877,5.70642,1.21259,2.07123e-05,2.07123e-05,2.07123e-05
2,2246.9,0.5186,4.89646,1.14562,0.00625,0.0625,0.01555,0.01555,0.49434,5.48064,1.10001,4.03358e-05,4.03358e-05,4.03358e-05
3,2554.17,0.48966,4.7127,1.1083,0.02257,0.3125,0.05496,0.04946,0.49358,5.18422,1.05776,5.85733e-05,5.85733e-05,5.85733e-05
4,2863.38,0.47538,4.55719,1.09584,0.03719,0.375,0.11764,0.11178,0.48476,5.19889,1.05616,5.6763e-05,5.6763e-05,5.6763e-05
5,3225.89,0.47029,4.41443,1.08377,0.07256,0.5625,0.18382,0.16233,0.47062,5.11902,1.01022,5.4684e-05,5.4684e-05,5.4684e-05
6,3632.54,0.46473,4.23487,1.07137,0.08193,0.6875,0.35931,0.3308,0.46006,5.02013,1.0332,5.2605e-05,5.2605e-05,5.2605e-05
